"","dataset","mean_x","mean_y","sd_x","sd_y","cor"
"1","away",54.2660997842049,47.8347206248841,16.7698249541574,26.9397434188834,-0.064
"2","bullseye",54.2687300223789,47.8308231552178,16.7692394934267,26.9357266898859,-0.069
"3","circle",54.2673197061739,47.8377172672183,16.7600126596722,26.9300360878303,-0.068
"4","dino",54.2632732394366,47.8322528169014,16.7651420391168,26.9354034869391,-0.064
"5","dots",54.2603034512176,47.8398292087556,16.7677354884326,26.9301915180855,-0.06
"6","high_lines",54.2688052797415,47.8354502039366,16.7667040161692,26.9399979612129,-0.069
"7","slant_up",54.2658817856021,47.8314956520244,16.7688526706285,26.9386080708922,-0.069
"8","star",54.2673411044951,47.8395452250979,16.7689592162765,26.9302746876485,-0.063
"9","x_shape",54.260150334038,47.8397172791604,16.7699576958193,26.930001686981,-0.066
